epoch,acc,loss,val_acc,val_loss
0,0.8551542061682468,0.38027378493277136,0.8586513078953684,0.34378480556182783
