epoch,acc,loss,val_acc,val_loss
0,0.8042121684867395,0.4527193059999874,0.8488120950323974,0.359796149236518
